Workbook

Sheet 작성 안내
B2: 상품 등록 엑셀 양식 (의류 · 가방 · 쥬얼리 · 티셔츠 / 4,000개)
B4: ① '상품목록' 시트에 상품 1개당 한 줄씩 적어 주세요. (9번째 줄부터, 회색 예시 4줄은 지우지 않아도 됩니다)
B5: ② 노란 칸은 꼭 채워야 하는 필수 항목, 파란 칸은 있으면 좋은 선택 항목입니다.
B6: ③ 색상·사이즈가 여러 개면 쉼표(,)로 나눠 적어 주세요. 예) 블랙,화이트,네이비 / S,M,L,XL
B7: ④ 사진 파일 이름은 실제 사진 파일 이름과 똑같이 적고, 사진은 폴더 하나에 모아 함께 보내 주세요.
B8: ⑤ 의류·티셔츠·가방의 실측 치수는 '실측사이즈' 시트에 적어 주세요. (쥬얼리는 적지 않아도 됩니다)
B9: ⑥ 맨 오른쪽 '확인' 칸에 '필수 항목 빠짐'이나 '상품코드 중복'이 뜨면 그 줄을 고쳐 주세요.
B10: ⑦ '현황' 시트에서 종목별로 몇 개가 입력됐는지 볼 수 있습니다.
B12: 필수 항목
B13: 선택 항목
B14: 예시 (지우지 않아도 됨)
B16: 항목 설명
B17: 항목 | C17: 필수 / 선택 | D17: 적는 법
B18: 상품코드 | C18: 필수 | D18: 상품마다 겹치지 않는 번호. 종목 머리글자 + 번호로 적어 주세요. 의류 CL-0001, 가방 BG-0001, 쥬얼리 JW-0001, 티셔츠 TS-0001
B19: 종목 | C19: 필수 | D19: 목록에서 고르기: 의류 / 가방 / 쥬얼리 / 티셔츠
B20: 세부분류 | C20: 선택 | D20: 아래 '세부분류 예시' 참고. 홈페이지에서 작은 분류 버튼으로 나옵니다
B21: 상품명 | C21: 필수 | D21: 손님에게 보이는 이름. 30자 안쪽을 권합니다
B22: 판매가(원) | C22: 필수 | D22: 숫자만 적어 주세요. 예) 39000
B23: 할인가(원) | C23: 선택 | D23: 할인할 때만 숫자로. 비워 두면 판매가로 보입니다
B24: 색상 | C24: 선택 | D24: 쉼표로 나눠 적기. 예) 블랙,화이트
B25: 사이즈 | C25: 선택 | D25: 쉼표로 나눠 적기. 티셔츠 S,M,L,XL / 반지 9호,11호 / 한 사이즈면 FREE
B26: 소재 | C26: 선택 | D26: 예) 14K 골드, 925 실버, 면 100%, 소가죽
B27: 짧은 설명 | C27: 선택 | D27: 상품 목록과 상세페이지 맨 위에 나오는 1~2줄 소개 (100자 안쪽)
B28: 대표사진 파일명 | C28: 필수 | D28: 첫 번째로 보일 사진. 예) TS-0001_1.jpg
... B32: 메모 | C32: 선택 | D32: 저희에게 전할 말 (홈페이지에는 안 나옵니다)
B34: 세부분류 예시
B35: 종목 | C35: 상품코드 머리글자 | D35: 세부분류 예시
B36: 의류 | C36: CL | D36: 아우터, 셔츠, 바지, 원피스, 니트
B37: 가방 | C37: BG | D37: 숄더백, 토트백, 크로스백, 백팩, 클러치
B38: 쥬얼리 | C38: JW | D38: 반지, 목걸이, 귀걸이, 팔찌
B39: 티셔츠 | C39: TS | D39: 반팔, 긴팔, 민소매, 오버핏
B41: 사진 보내는 법
B42: · 파일 이름은 '상품코드_번호.jpg'로 맞춰 주시면 가장 빠르게 등록됩니다. 예) JW-0001_1.jpg, JW-0001_2.jpg
B43: · 정사각형(1:1) 사진, 가로 1,000px 이상을 권합니다. JPG 또는 PNG로 보내 주세요.
B44: · 사진이 많으면 종목별 폴더(의류/가방/쥬얼리/티셔츠)로 나눠 압축해서 보내 주세요.

Sheet 현황
B2: 입력 현황 (자동 계산 · 예시 줄은 세지 않음)
B4: 종목 | C4: 입력한 상품 | D4: 확인 OK | E4: 고칠 줄 | F4: 품절
B5: 의류 | C5: =COUNTIF(상품목록!$B$9:$B$4008,B5) | D5: =COUNTIFS(상품목록!$B$9:$B$4008,B5,상품목록!$P$9:$P$4008,"OK") | E5: =C5-D5 | F5: =COUNTIFS(상품목록!$B$9:$B$4008,B5,상품목록!$M$9:$M$4008,"품절")
B6: 가방 | C6: =COUNTIF(상품목록!$B$9:$B$4008,B6) | D6: =COUNTIFS(상품목록!$B$9:$B$4008,B6,상품목록!$P$9:$P$4008,"OK") | E6: =C6-D6 | F6: =COUNTIFS(상품목록!$B$9:$B$4008,B6,상품목록!$M$9:$M$4008,"품절")
B7: 쥬얼리 | C7: =COUNTIF(상품목록!$B$9:$B$4008,B7) | D7: =COUNTIFS(상품목록!$B$9:$B$4008,B7,상품목록!$P$9:$P$4008,"OK") | E7: =C7-D7 | F7: =COUNTIFS(상품목록!$B$9:$B$4008,B7,상품목록!$M$9:$M$4008,"품절")
B8: 티셔츠 | C8: =COUNTIF(상품목록!$B$9:$B$4008,B8) | D8: =COUNTIFS(상품목록!$B$9:$B$4008,B8,상품목록!$P$9:$P$4008,"OK") | E8: =C8-D8 | F8: =COUNTIFS(상품목록!$B$9:$B$4008,B8,상품목록!$M$9:$M$4008,"품절")
B9: 종목 없이 입력 | C9: =COUNTA(상품목록!$A$9:$A$4008)-SUM(C5:C8) | D9: 0 | E9: =C9-D9 | F9: 0
B10: 합계 | C10: =SUM(C5:C9) | D10: =SUM(D5:D9) | E10: =SUM(E5:E9) | F10: =SUM(F5:F9)
B12: 계약 등록 개수 | C12: 4000 | D12: ← 계약서 기준 (고객과 합의한 개수)
B13: 남은 개수 | C13: =MAX(0,C12-C10)
B14: 계약 초과 | C14: =MAX(0,C10-C12) | D14: ← 초과분은 1개당 1,000원 (계약 조건)
B15: 진행률 | C15: =IF(C12=0,0,MIN(1,C10/C12))

Sheet 상품목록
A1: 상품목록 — 상품 1개당 한 줄 (9번째 줄부터 입력)
A2: 노란 칸 = 필수 · 파란 칸 = 선택 · 회색 = 예시 · 여러 개는 쉼표(,)로 구분
A3: 상품코드 * | B3: 종목 * | C3: 세부분류 | D3: 상품명 * | E3: 판매가(원) * | F3: 할인가(원) | G3: 색상 | H3: 사이즈 | I3: 소재 | J3: 짧은 설명 | K3: 대표사진 파일명 * | L3: 추가사진 파일명 | M3: 판매상태 | N3: 표시 | O3: 메모 | P3: 확인
A4: 예시-JW-0001 | B4: 쥬얼리 | C4: 반지 | D4: 루미에르 다이아몬드 반지 | E4: 89000 | G4: 화이트골드,로즈골드 | H4: 9호,11호,13호 | I4: 14K 골드 | J4: 6발 프롱으로 감싼 라운드 스톤, 매일 끼기 좋은 높이 | K4: JW-0001_1.jpg | L4: JW-0001_2.jpg,JW-0001_3.jpg | M4: 판매중 | N4: 베스트 | O4: 각인 가능 | P4: 예시
A5: 예시-CL-0001 | B5: 의류 | C5: 아우터 | D5: 울 블렌드 싱글 코트 | E5: 159000 | F5: 129000 | G5: 베이지,차콜 | H5: S,M,L | I5: 울 50% 폴리 50% | J5: 허벅지를 덮는 기장, 안감이 있어 따뜻합니다 | K5: CL-0001_1.jpg | L5: CL-0001_2.jpg | M5: 판매중 | N5: 신상 | P5: 예시
A6: 예시-TS-0001 | B6: 티셔츠 | C6: 반팔 | D6: 오버핏 로고 반팔 티셔츠 | E6: 35000 | G6: 화이트,블랙,그레이 | H6: S,M,L,XL | I6: 면 100% (20수) | J6: 탄탄한 20수 원단, 여유 있는 오버핏 | K6: TS-0001_1.jpg | L6: TS-0001_2.jpg,TS-0001_3.jpg | M6: 판매중 | N6: 추천 | P6: 예시
A7: 예시-BG-0001 | B7: 가방 | C7: 숄더백 | D7: 미니 레더 숄더백 | E7: 89000 | G7: 블랙,카멜 | H7: FREE | I7: 소가죽 | J7: 스마트폰·지갑이 들어가는 크기, 끈 길이 조절 | K7: BG-0001_1.jpg | M7: 품절 | O7: 다음 달 재입고 | P7: 예시
A8: ▼ 여기부터 입력해 주세요
P9: =IF(COUNTA(A9:O9)=0,"",IF(OR(A9="",B9="",D9="",E9="",K9=""),"필수 항목 빠짐",IF(COUNTIF($A$9:$A$4008,A9)>1,"상품코드 중복","OK")))
P10: =IF(COUNTA(A10:O10)=0,"",IF(OR(A10="",B10="",D10="",E10="",K10=""),"필수 항목 빠짐",IF(COUNTIF($A$9:$A$4008,A10)>1,"상품코드 중복","OK")))
P11: =IF(COUNTA(A11:O11)=0,"",IF(OR(A11="",B11="",D11="",E11="",K11=""),"필수 항목 빠짐",IF(COUNTIF($A$9:$A$4008,A11)>1,"상품코드 중복","OK")))
P12: =IF(COUNTA(A12:O12)=0,"",IF(OR(A12="",B12="",D12="",E12="",K12=""),"필수 항목 빠짐",IF(COUNTIF($A$9:$A$4008,A12)>1,"상품코드 중복","OK")))
P13: =IF(COUNTA(A13:O13)=0,"",IF(OR(A13="",B13="",D13="",E13="",K13=""),"필수 항목 빠짐",IF(COUNTIF($A$9:$A$4008,A13)>1,"상품코드 중복","OK")))
P14: =IF(COUNTA(A14:O14)=0,"",IF(OR(A14="",B14="",D14="",E14="",K14=""),"필수 항목 빠짐",IF(COUNTIF($A$9:$A$4008,A14)>1,"상품코드 중복","OK")))
P15: =IF(COUNTA(A15:O15)=0,"",IF(OR(A15="",B15="",D15="",E15="",K15=""),"필수 항목 빠짐",IF(COUNTIF($A$9:$A$4008,A15)>1,"상품코드 중복","OK")))
P16: =IF(COUNTA(A16:O16)=0,"",IF(OR(A16="",B16="",D16="",E16="",K16=""),"필수 항목 빠짐",IF(COUNTIF($A$9:$A$4008,A16)>1,"상품코드 중복","OK")))
P17: =IF(COUNTA(A17:O17)=0,"",IF(OR(A17="",B17="",D17="",E17="",K17=""),"필수 항목 빠짐",IF(COUNTIF($A$9:$A$4008,A17)>1,"상품코드 중복","OK")))
P18: =IF(COUNTA(A18:O18)=0,"",IF(OR(A18="",B18="",D18="",E18="",K18=""),"필수 항목 빠짐",IF(COUNTIF($A$9:$A$4008,A18)>1,"상품코드 중복","OK")))
P19: =IF(COUNTA(A19:O19)=0,"",IF(OR(A19="",B19="",D19="",E19="",K19=""),"필수 항목 빠짐",IF(COUNTIF($A$9:$A$4008,A19)>1,"상품코드 중복","OK")))
P20: =IF(COUNTA(A20:O20)=0,"",IF(OR(A20="",B20="",D20="",E20="",K20=""),"필수 항목 빠짐",IF(COUNTIF($A$9:$A$4008,A20)>1,"상품코드 중복","OK")))
... P4008: =IF(COUNTA(A4008:O4008)=0,"",IF(OR(A4008="",B4008="",D4008="",E4008="",K4008=""),"필수 항목 빠짐",IF(COUNTIF($A$9:$A$4008,A4008)>1,"상품코드 중복","OK")))

Sheet 실측사이즈
A1: 실측사이즈 — 사이즈 1개당 한 줄 (해당하는 칸만, 단위 cm)
A2: 의류: 어깨·가슴단면·허리·총장·소매 (바지는 허리·총장) / 티셔츠: 어깨·가슴단면·총장·소매 / 가방: 가로·세로·폭·끈길이
A3: 상품코드 | B3: 사이즈 | C3: 어깨 | D3: 가슴단면 | E3: 허리 | F3: 총장 | G3: 소매 | H3: 가로 | I3: 세로 | J3: 폭 | K3: 끈길이
A4: 예시-CL-0001 | B4: S | C4: 44 | D4: 53 | F4: 92 | G4: 59
A5: 예시-CL-0001 | B5: M | C5: 46 | D5: 56 | F5: 94 | G5: 60
A6: 예시-TS-0001 | B6: M | C6: 52 | D6: 55 | F6: 70 | G6: 22
A7: 예시-BG-0001 | B7: FREE | H7: 22 | I7: 15 | J7: 7 | K7: 120
A8: ▼ 여기부터 입력해 주세요
